{"accounts": {"436f5227-895e-4431-85fa-99722790205b": {"path": "/data-plane-perf/antons/perf/s3", "property_map": {"view_serial": 100, "settings": {"encryption": {"value": {"encryptionType": {"value": "None", "expression": false}, "kmsKey": {"expression": false, "value": "CdYm2PGPkQsdjpaAwRLJyw=="}, "kmsRegion": {"value": null, "expression": false}}}, "accessKeyId": {"expression": true, "value": "\"AKIA2DP4BT3E4O4IUYW6\""}, "secretKey": {"expression": true, "value": "\"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\""}, "securityToken": {"value": null, "expression": false}, "iamRole": {"value": false}, "crossAccountIAM": {"value": {"arn": {"value": null, "expression": false}, "externalID": {"expression": false, "value": "siygqQ9IwQakzQTXIiY7Ug=="}}}}, "info": {"label": {"value": "s3"}, "notes": {"value": null}}}}, "1976419d-06d8-4199-98e5-702fb4bba02f": {"path": "/data-plane-perf/antons/perf/s3-2", "property_map": {"view_serial": 100, "settings": {"encryption": {"value": {"encryptionType": {"value": "None", "expression": false}, "kmsKey": {"expression": false, "value": "W7gblpLoF+MRFB97MPtUvg=="}, "kmsRegion": {"value": null, "expression": false}}}, "accessKeyId": {"expression": true, "value": "\"AKIA2DP4BT3E4O4IUYW6\""}, "secretKey": {"expression": true, "value": "\"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\""}, "securityToken": {"value": null, "expression": false}, "iamRole": {"value": false}, "crossAccountIAM": {"value": {"arn": {"value": null, "expression": false}, "externalID": {"expression": false, "value": "TiDkS6BZsU6dPlF5GURHRA=="}}}}, "info": {"label": {"value": "s3-2"}, "notes": {"value": null}}}}}}