{"accounts": {"4be47ced-23da-4adf-b824-6aaf082d000f": {"path": "/DpPerf/TriggeredTask/TriggeredTaskPerf/s3", "property_map": {"view_serial": 100, "settings": {"encryption": {"value": {"encryptionType": {"value": "None", "expression": false}, "kmsKey": {"expression": false, "value": "/bGlnszRmuSmtC4pD0GPJA=="}, "kmsRegion": {"value": null, "expression": false}}}, "accessKeyId": {"expression": false, "value": "Ul0KQv/NcPVePXE6Z3M8DPMgIBAwZ9dG0SWhTNyD8PE="}, "secretKey": {"expression": false, "value": "WptsmaMIkyUfyuZK/GRUWGpqPLLX+4RJiStk4dtxIjmXI5CZVYHp7pQIp1ZNgNCw"}, "securityToken": {"value": null, "expression": false}, "iamRole": {"value": false}, "crossAccountIAM": {"value": {"arn": {"value": null, "expression": false}, "externalID": {"expression": false, "value": "YYY/8w75kek864b/It9ssg=="}}}}, "info": {"label": {"value": "s3"}, "notes": {"value": null}}}}, "05958b47-bd97-48e7-9e7f-4d70b85d8fcd": {"path": "/DpPerf/TriggeredTask/TriggeredTaskPerf/s3-2", "property_map": {"view_serial": 100, "settings": {"encryption": {"value": {"encryptionType": {"value": "None", "expression": false}, "kmsKey": {"expression": false, "value": "LsiHdXYraK7eLPDArG9zaQ=="}, "kmsRegion": {"value": null, "expression": false}}}, "accessKeyId": {"expression": false, "value": "HevV2RMvnszLcAK2+xOpwJraHlaTrs1JckYpe+uhjzQ="}, "secretKey": {"expression": false, "value": "/6zj8mdliXdir2v7g+B7i7mBGMc88eQIh/4E7aIM/Ufm+EdIgx1IhkcfWLabyNo2"}, "securityToken": {"value": null, "expression": false}, "iamRole": {"value": false}, "crossAccountIAM": {"value": {"arn": {"value": null, "expression": false}, "externalID": {"expression": false, "value": "hvPwV7gIqUsGbyU2mTgA8A=="}}}}, "info": {"label": {"value": "s3-2"}, "notes": {"value": null}}}}}}