{"class_id": "com-snaplogic-export-project", "class_version": 1, "project_name": "ScheduledTaskPerf", "path": "DpPerf/ScheduledTask/ScheduledTaskPerf", "entries": [{"class_fqid": "com-snaplogic-pipeline_9", "instance_version": 39, "link_serial": 119, "path_id": "/DpPerf/ScheduledTask/ScheduledTaskPerf", "property_map": {"info": {"label": {"value": "Monitor"}, "author": {"value": "kchaitanya+admin@snaplogic.com"}, "pipeline_doc_uri": {"value": null}, "notes": {"value": null}, "purpose": {"value": null}}, "error": {"error_behavior": {"value": "none"}}, "settings": {"suspendable": {"value": false}, "test_pipeline": {"value": false}, "error_pipeline": {"value": null, "expression": false}, "error_param_table": {"value": []}, "param_table": {"value": [{"capture": {"value": false}, "key": {"value": "SourcePath"}, "value": {"value": "/DpPerf/ScheduledTask/ScheduledTasks"}, "required": {"value": false}, "data_type": {"value": "string"}, "description": {"value": null}}, {"capture": {"value": false}, "key": {"value": "Release"}, "value": {"value": "4.39"}, "required": {"value": false}, "data_type": {"value": "string"}, "description": {"value": null}}, {"capture": {"value": false}, "key": {"value": "RuntimePath"}, "value": {"value": null}, "required": {"value": false}, "data_type": {"value": "string"}, "description": {"value": null}}, {"capture": {"value": false}, "key": {"value": "TotalNoOfTasks"}, "value": {"value": null}, "required": {"value": false}, "data_type": {"value": "string"}, "description": {"value": null}}]}, "imports": {"value": []}, "cache_pipelines": {"value": []}}, "instance_version": 38, "input": {}, "output": {"b4806935-e03b-4e52-81ee-b9e061c1b2bf_outputResponse": {"view_type": {"value": "document"}, "label": {"value": "HTTP Client - Response"}}}}, "render_map": {"scale_ratio": 1, "pan_x_num": 0, "pan_y_num": 0, "default_snaplex": "66d5b042fb8cbaa382aca21e", "detail_map": {"9e9f890b-937f-4446-b586-5aeacb896a25": {"grid_x_int": 1, "grid_y_int": 1, "rot_int": 0, "recommendation_id": null, "source": "snap catagory", "index": null, "rot_tail_int": 0, "input": {}, "output": {}, "error": {}}, "87a6907b-43da-4bb3-998a-d32d4e594f57": {"grid_x_int": 3, "grid_y_int": 1, "rot_int": 0, "recommendation_id": null, "source": "snap catagory", "index": null, "rot_tail_int": 0, "input": {}, "output": {}, "error": {}}, "148cac79-5635-4b83-aa09-262202322161": {"grid_x_int": 4, "grid_y_int": 1, "rot_int": 0, "recommendation_id": null, "source": "snap catagory", "index": null, "rot_tail_int": 0, "input": {}, "output": {}, "error": {}}, "f935c18e-4339-486d-b6da-2ccc13ee7b46": {"grid_x_int": 6, "grid_y_int": 1, "rot_int": 0, "recommendation_id": "98fc11e5-df47-b4f4-cf1c-dd5a24b92369_0", "source": "iris placeholder", "index": 0, "rot_tail_int": 0}, "b4806935-e03b-4e52-81ee-b9e061c1b2bf": {"grid_x_int": 7, "grid_y_int": 1, "rot_int": 0, "recommendation_id": null, "source": "snap catagory", "index": null, "rot_tail_int": 0}, "796d0e77-f8f3-4b77-adc9-460b97154ba8": {"grid_x_int": 5, "grid_y_int": 1, "rot_int": 0, "recommendation_id": null, "source": "snap catagory", "index": null, "rot_tail_int": 0}, "0f01f88b-7b98-4be2-87dc-14ce201efafc": {"grid_x_int": 2, "grid_y_int": 1, "rot_int": 0, "recommendation_id": null, "source": "snap catagory", "index": null, "rot_tail_int": 0}}}, "snap_map": {"9e9f890b-937f-4446-b586-5aeacb896a25": {"class_fqid": "com-snaplogic-snaps-snaplogic-list_1-main27765", "class_id": "com-snaplogic-snaps-snaplogic-list", "class_version": 1, "instance_fqid": "9e9f890b-937f-4446-b586-5aeacb896a25_3", "instance_version": 3, "property_map": {"info": {"label": {"value": "SnapLogic List"}, "notes": {}}, "output": {"output0": {"view_type": {"value": "document"}, "label": {"value": "output0"}}}, "error": {"error0": {"view_type": {"value": "document"}, "label": {"value": "error0"}}, "error_behavior": {"value": "fail"}}, "settings": {"execution_mode": {"value": "Validate & Execute"}, "AssetType": {"value": "TASK"}, "AssetPath": {"value": "_SourcePath", "expression": true}}, "view_serial": 100, "input": {}}, "class_build_tag": "main27765", "instance_id": "9e9f890b-937f-4446-b586-5aeacb896a25"}, "87a6907b-43da-4bb3-998a-d32d4e594f57": {"class_fqid": "com-snaplogic-snaps-snaplogic-read_1-main27765", "class_id": "com-snaplogic-snaps-snaplogic-read", "class_version": 1, "instance_fqid": "87a6907b-43da-4bb3-998a-d32d4e594f57_1", "instance_version": 1, "property_map": {"info": {"label": {"value": "SnapLogic Read"}, "notes": {}}, "output": {"output0": {"view_type": {"value": "document"}, "label": {"value": "output0"}}}, "error": {"error0": {"view_type": {"value": "document"}, "label": {"value": "error0"}}, "error_behavior": {"value": "fail"}}, "settings": {"execution_mode": {"value": "Validate & Execute"}, "strictPath": {"value": false}, "normalized": {"value": false}, "AssetType": {"value": "TASK"}, "AssetPath": {"value": "$path", "expression": true}}, "view_serial": 101, "input": {"input101": {"label": {"value": "input0"}, "view_type": {"value": "document"}}}}, "class_build_tag": "main27765", "instance_id": "87a6907b-43da-4bb3-998a-d32d4e594f57"}, "148cac79-5635-4b83-aa09-262202322161": {"class_fqid": "com-snaplogic-snaps-transform-datatransform_4-main27765", "class_id": "com-snaplogic-snaps-transform-datatransform", "class_version": 4, "instance_fqid": "148cac79-5635-4b83-aa09-262202322161_1", "instance_version": 1, "property_map": {"info": {"label": {"value": "Mapper"}, "notes": {}}, "input": {"input0": {"view_type": {"value": "document"}, "label": {"value": "input0"}}}, "output": {"output0": {"view_type": {"value": "document"}, "label": {"value": "output0"}}}, "error": {"error0": {"view_type": {"value": "document"}, "label": {"value": "error0"}}, "error_behavior": {"value": "fail"}}, "settings": {"execution_mode": {"value": "Validate & Execute"}, "passThrough": {"value": false}, "transformations": {"value": {"mappingRoot": {"value": "$"}, "mappingTable": {"value": [{"expression": {"expression": true, "value": "$job_name"}, "targetPath": {"value": "TaskName"}}, {"expression": {"value": "(Date.parse($last_run_time).getTime()-Date.parse($schedule.start_date+\"T\"+$schedule.start_time).getTime())/1000", "expression": true}, "targetPath": {"value": "TimeDelay"}}]}}}, "nullSafeAccess": {"value": false}}, "view_serial": 100}, "class_build_tag": "main27765", "instance_id": "148cac79-5635-4b83-aa09-262202322161"}, "f935c18e-4339-486d-b6da-2ccc13ee7b46": {"class_fqid": "com-snaplogic-snaps-transform-datatransform_4-439rc28922", "class_id": "com-snaplogic-snaps-transform-datatransform", "class_version": 4, "instance_fqid": "f935c18e-4339-486d-b6da-2ccc13ee7b46_14", "instance_version": 14, "property_map": {"info": {"label": {"value": "Mapper2"}, "notes": {}}, "input": {"input0": {"view_type": {"value": "document"}, "label": {"value": "input0"}}}, "output": {"output0": {"view_type": {"value": "document"}, "label": {"value": "output0"}}}, "error": {"error0": {"view_type": {"value": "document"}, "label": {"value": "error0"}}, "error_behavior": {"value": "fail"}}, "settings": {"execution_mode": {"value": "Validate & Execute"}, "passThrough": {"value": false}, "transformations": {"value": {"mappingRoot": {"value": "$"}, "mappingTable": {"value": [{"expression": {"expression": true, "value": "_Release"}, "targetPath": {"value": "Release"}}, {"expression": {"value": "$group.filter (x => x.get(\"TimeDelay\") > 3).length == 0 ?0: $group.filter (x => x.get(\"TimeDelay\") > 5).length", "expression": true}, "targetPath": {"value": "NoOfTasksDelayed"}}, {"expression": {"value": "\"Scheduled Task Creation\"", "expression": true}, "targetPath": {"value": "Activity"}}, {"expression": {"value": "_RuntimePath.split(\"/\")[3]", "expression": true}, "targetPath": {"value": "Snaplex"}}, {"expression": {"value": "Date.now().toString()", "expression": true}, "targetPath": {"value": "Date"}}, {"expression": {"value": "_TotalNoOfTasks", "expression": true}, "targetPath": {"value": "TotalNoOfTasks"}}]}}}, "nullSafeAccess": {"value": false}}, "view_serial": 100}, "class_build_tag": "439rc28922", "instance_id": "f935c18e-4339-486d-b6da-2ccc13ee7b46"}, "b4806935-e03b-4e52-81ee-b9e061c1b2bf": {"class_fqid": "com-snaplogic-snaps-apisuite-httpclient_1-439rc28922", "class_id": "com-snaplogic-snaps-apisuite-httpclient", "class_version": 1, "instance_fqid": "b4806935-e03b-4e52-81ee-b9e061c1b2bf_5", "instance_version": 5, "property_map": {"info": {"label": {"value": "HTTP Client"}, "notes": {}}, "input": {"input0": {"view_type": {"value": "document"}, "label": {"value": "input0"}}}, "output": {"outputResponse": {"view_type": {"value": "document"}, "label": {"value": "Response"}}}, "error": {"error0": {"view_type": {"value": "document"}, "label": {"value": "error0"}}, "error_behavior": {"value": "fail"}}, "settings": {"queryParam": {"value": []}, "httpMethod": {"value": "POST", "expression": false}, "execution_mode": {"value": "Execute only"}, "preventURLEncoding": {"value": false}, "httpEntity": {"value": {"entityType": {"value": "raw"}, "rawEntity": {"value": "$", "expression": true}, "multipartSubtype": {"value": "form-data", "expression": false}, "multipartForm": {"value": [{"partType": {"value": "Text"}, "partKey": {"value": null, "expression": false}, "partValue": {"value": null, "expression": false}, "partContentType": {"value": null, "expression": false}}]}, "urlEncodedForm": {"value": []}, "binaryFile": {"value": null, "expression": false}}}, "formEncodeSpace": {"value": false}, "uri": {"value": "https://canv2-dpperf-dpperfrunner-fm.snaplogicdev.io/api/1/rest/feed/run/task/DpPerf/shared/DBInsert%20Task", "expression": false}, "header": {"value": [{"headerNameProp": {"value": "Authorization", "expression": false}, "headerValProp": {"value": "Bearer dpqa", "expression": false}}]}, "enableDebug": {"value": true}, "pagination": {"value": {"paginationInterval": {"value": 0}, "hasNext": {"expression": true, "value": null}, "nextUrl": {"expression": true, "value": null}, "overrideHeaders": {"value": [{"overrideHeaderValue": {"expression": true, "value": null}, "overrideHeaderName": {"value": null, "expression": false}}]}, "overrideParams": {"value": [{"overrideParamValue": {"expression": true, "value": null}, "overrideParamName": {"value": null, "expression": false}}]}, "maxPage": {"value": null, "expression": false}, "overrideURI": {"value": false}, "reuseParamsForPagination": {"value": false}}}, "clientProperties": {"value": {"connection": {"value": {"cookiePolicy": {"value": "RFC Lax"}, "readTimeout": {"value": 900}, "connTimeout": {"value": 30}, "trustAllCerts": {"value": true}, "diskStagingProp": {"value": false}}}, "retry": {"value": {"retryCondition": {"value": "Connection Errors"}, "maxRetry": {"value": 5}, "retryInterval": {"value": 3}, "autoRetry429": {"value": true}, "useRetryAfterHeader": {"value": true}}}, "redirects": {"value": {"followRedirection": {"value": true}, "maxRedirect": {"value": 10, "expression": false}, "allowRelativeRedirect": {"value": true}, "allowCircularRedirect": {"value": false}, "followOriginalMethod": {"value": false}}}, "outputProps": {"value": {"responseType": {"value": "JSON"}, "extractEntityPath": {"value": "$.entity", "expression": true}, "errorRespToErrorview": {"value": true}, "extractEntity": {"value": false}, "includeCookies": {"value": false}}}}}}, "account": {"account_ref": {"value": {}}}, "view_serial": 100}, "class_build_tag": "439rc28922", "instance_id": "b4806935-e03b-4e52-81ee-b9e061c1b2bf"}, "796d0e77-f8f3-4b77-adc9-460b97154ba8": {"class_fqid": "com-snaplogic-snaps-transform-groupbyn_1-main29029", "class_id": "com-snaplogic-snaps-transform-groupbyn", "class_version": 1, "instance_fqid": "796d0e77-f8f3-4b77-adc9-460b97154ba8_1", "instance_version": 1, "property_map": {"info": {"label": {"value": "Group By N"}, "notes": {}}, "input": {"input0": {"view_type": {"value": "document"}, "label": {"value": "input0"}}}, "output": {"output0": {"view_type": {"value": "document"}, "label": {"value": "output0"}}}, "error": {"error0": {"view_type": {"value": "document"}, "label": {"value": "error0"}}, "error_behavior": {"value": "fail"}}, "settings": {"execution_mode": {"value": "Validate & Execute"}, "targetField": {"value": "group"}, "memorySensitivity": {"value": "None"}, "groupSize": {"value": 10000, "expression": false}, "minGroupSize": {"value": 1, "expression": false}, "flushTimeoutSecs": {"value": 0, "expression": false}, "minimumMemory": {"value": 500, "expression": false}, "outOfResourceTimeout": {"value": 30, "expression": false}}, "view_serial": 100}, "class_build_tag": "main29029", "instance_id": "796d0e77-f8f3-4b77-adc9-460b97154ba8"}, "0f01f88b-7b98-4be2-87dc-14ce201efafc": {"class_fqid": "com-snaplogic-snaps-flow-filter_2-main29029", "class_id": "com-snaplogic-snaps-flow-filter", "class_version": 2, "instance_fqid": "0f01f88b-7b98-4be2-87dc-14ce201efafc_2", "instance_version": 2, "property_map": {"info": {"label": {"value": "Filter"}, "notes": {}}, "input": {"input0": {"view_type": {"value": "document"}, "label": {"value": "input0"}}}, "output": {"output0": {"view_type": {"value": "document"}, "label": {"value": "output0"}}}, "error": {"error0": {"view_type": {"value": "document"}, "label": {"value": "error0"}}, "error_behavior": {"value": "fail"}}, "settings": {"execution_mode": {"value": "Validate & Execute"}, "filterExpression": {"expression": true, "value": "$name.contains(_RuntimePath.split(\"/\")[3])"}, "nullSafeAccess": {"value": false}}, "view_serial": 100}, "class_build_tag": "main29029", "instance_id": "0f01f88b-7b98-4be2-87dc-14ce201efafc"}}, "link_map": {"link101": {"dst_id": "148cac79-5635-4b83-aa09-262202322161", "dst_view_id": "input0", "src_id": "87a6907b-43da-4bb3-998a-d32d4e594f57", "src_view_id": "output0"}, "link110": {"dst_id": "b4806935-e03b-4e52-81ee-b9e061c1b2bf", "dst_view_id": "input0", "src_id": "f935c18e-4339-486d-b6da-2ccc13ee7b46", "src_view_id": "output0"}, "link115": {"dst_id": "f935c18e-4339-486d-b6da-2ccc13ee7b46", "dst_view_id": "input0", "src_id": "796d0e77-f8f3-4b77-adc9-460b97154ba8", "src_view_id": "output0"}, "link116": {"dst_id": "796d0e77-f8f3-4b77-adc9-460b97154ba8", "dst_view_id": "input0", "src_id": "148cac79-5635-4b83-aa09-262202322161", "src_view_id": "output0"}, "link117": {"dst_id": "87a6907b-43da-4bb3-998a-d32d4e594f57", "dst_view_id": "input101", "src_id": "0f01f88b-7b98-4be2-87dc-14ce201efafc", "src_view_id": "output0"}, "link118": {"dst_id": "0f01f88b-7b98-4be2-87dc-14ce201efafc", "dst_view_id": "input0", "src_id": "9e9f890b-937f-4446-b586-5aeacb896a25", "src_view_id": "output0"}}, "ai_map": {"footprint": "H4sIAAAAAAAAA8srzckBAE/8yyUEAAAA"}, "class_id": "com-snaplogic-pipeline", "class_version": 9, "instance_id": "1c9454e0-616c-43af-8772-1bca8b60faa8", "instance_fqid": "1c9454e0-616c-43af-8772-1bca8b60faa8_39", "create_time": {"$date": "2024-11-20T19:25:11.278Z"}, "update_time": {"$date": "2024-11-22T19:27:42.335Z"}, "update_user_id": "kchaitanya+admin@snaplogic.com", "create_user_id": "kchaitanya+admin@snaplogic.com", "migrate_version": "main-28272", "scrub_backup": [], "scrub_version": "bd5ad2571a0eafe60808d55c3e16c0f8e0ae08d67f5369bb3ad9c1921556eb14", "path": "/DpPerf/ScheduledTask/ScheduledTaskPerf/Monitor", "snode_id": "673e3797d0f3074e3f3c1ef0", "project_snode_id": "673e37962c2404030efd30ff", "partition_snode_id": "673e3783703e2986126efca8", "name": "Monitor", "target_runtime": "standard", "org_id": "67379bab7ced55f20fb6f69c", "org_snode_id": "67379bab7ced55f20fb6f69c"}, {"class_fqid": "com-snaplogic-pipeline_9", "instance_version": 6, "link_serial": 108, "path_id": "/DpPerf/ScheduledTask/ScheduledTaskPerf", "property_map": {"info": {"label": {"value": "Replicator"}, "author": {"value": "kchaitanya+admin@snaplogic.com"}, "pipeline_doc_uri": {"value": null}, "notes": {"value": null}, "purpose": {"value": null}}, "error": {"error_behavior": {"value": "none"}}, "settings": {"suspendable": {"value": false}, "test_pipeline": {"value": false}, "error_pipeline": {"value": null, "expression": false}, "error_param_table": {"value": []}, "param_table": {"value": [{"capture": {"value": true}, "key": {"value": "NumberOfTasks"}, "value": {"value": "2"}, "required": {"value": false}, "data_type": {"value": "string"}, "description": {"value": null}}, {"capture": {"value": true}, "key": {"value": "SourcePath"}, "value": {"value": "/automation/ChaitanyaPS/Chaitanya_ScheduledTaskPerf/"}, "required": {"value": false}, "data_type": {"value": "string"}, "description": {"value": null}}, {"capture": {"value": true}, "key": {"value": "DestinationPath"}, "value": {"value": "PlatformQA/Chaitanya/ScheduledTaskPerf"}, "required": {"value": false}, "data_type": {"value": "string"}, "description": {"value": null}}, {"capture": {"value": true}, "key": {"value": "object_id"}, "value": {"value": null}, "required": {"value": false}, "data_type": {"value": "string"}, "description": {"value": null}}, {"capture": {"value": true}, "key": {"value": "RunTimePath"}, "value": {"value": null}, "required": {"value": false}, "data_type": {"value": "string"}, "description": {"value": null}}]}, "imports": {"value": []}, "cache_pipelines": {"value": []}}, "instance_version": 5, "input": {}, "output": {"4028e89c-b594-45db-a0da-5b21a4d4fe45_output0": {"view_type": {"value": "document"}, "label": {"value": "Mapper - output0"}}}}, "render_map": {"scale_ratio": 1, "pan_x_num": 0, "pan_y_num": 0, "default_snaplex": "5d83fab09718a20441d431d0", "detail_map": {"172aefad-78c7-4660-bcb4-904f6940f54f": {"grid_x_int": 4, "grid_y_int": 1, "rot_int": 0, "recommendation_id": null, "source": "snap catagory", "index": null, "rot_tail_int": 0, "input": {}, "output": {}, "error": {}}, "0b22d60d-409b-4ab9-9197-ff109aed3681": {"grid_x_int": 2, "grid_y_int": 1, "rot_int": 0, "recommendation_id": null, "source": "snap catagory", "index": null, "rot_tail_int": 0, "input": {}, "output": {}, "error": {}}, "2469b20f-f8a0-42c3-8ddf-820450becc2c": {"grid_x_int": 3, "grid_y_int": 1, "rot_int": 0, "recommendation_id": null, "source": "snap catagory", "index": null, "rot_tail_int": 0, "input": {}, "output": {}, "error": {}}, "686db9d6-59a4-421f-9bbc-43756af796c2": {"grid_x_int": 5, "grid_y_int": 1, "rot_int": 0, "recommendation_id": "96c601c5-350c-c8b2-7e1d-f32eb1228907_0", "source": "iris placeholder", "index": 0, "rot_tail_int": 0}, "7917cd20-91b7-46fd-b179-03f9fd540872": {"grid_x_int": 6, "grid_y_int": 1, "rot_int": 0, "recommendation_id": null, "source": "snap catagory", "index": null, "rot_tail_int": 0, "input": {}, "output": {}, "error": {}}, "4028e89c-b594-45db-a0da-5b21a4d4fe45": {"grid_x_int": 7, "grid_y_int": 1, "rot_int": 0, "recommendation_id": null, "source": "snap catagory", "index": null, "rot_tail_int": 0, "input": {}, "output": {}, "error": {}}}}, "snap_map": {"172aefad-78c7-4660-bcb4-904f6940f54f": {"class_fqid": "com-snaplogic-snaps-snaplogic-read_1-439rc28922", "class_id": "com-snaplogic-snaps-snaplogic-read", "class_version": 1, "instance_fqid": "172aefad-78c7-4660-bcb4-904f6940f54f_1", "instance_version": 1, "property_map": {"info": {"label": {"value": "SnapLogic Read"}, "notes": {}}, "output": {"output0": {"view_type": {"value": "document"}, "label": {"value": "output0"}}}, "error": {"error0": {"view_type": {"value": "document"}, "label": {"value": "error0"}}, "error_behavior": {"value": "fail"}}, "settings": {"execution_mode": {"value": "Validate & Execute"}, "strictPath": {"value": false}, "normalized": {"value": false}, "AssetType": {"value": "TASK"}, "AssetPath": {"value": "_SourcePath+\"BaseTask\"", "expression": true}}, "view_serial": 101, "input": {"input101": {"label": {"value": "input0"}, "view_type": {"value": "document"}}}}, "class_build_tag": "439rc28922", "instance_id": "172aefad-78c7-4660-bcb4-904f6940f54f"}, "0b22d60d-409b-4ab9-9197-ff109aed3681": {"class_fqid": "com-snaplogic-snaps-transform-sequence_1-439rc28922", "class_id": "com-snaplogic-snaps-transform-sequence", "class_version": 1, "instance_fqid": "0b22d60d-409b-4ab9-9197-ff109aed3681_1", "instance_version": 1, "property_map": {"info": {"label": {"value": "Sequence"}, "notes": {}}, "output": {"output0": {"view_type": {"value": "document"}, "label": {"value": "output0"}}}, "error": {"error0": {"view_type": {"value": "document"}, "label": {"value": "error0"}}, "error_behavior": {"value": "fail"}}, "settings": {"execution_mode": {"value": "Validate & Execute"}, "initialValueProp": {"value": 1, "expression": false}, "stepValueProp": {"value": 1, "expression": false}, "numberOfDocumentsProp": {"value": "_NumberOfTasks", "expression": true}, "passThroughProp": {"value": true}}, "view_serial": 102, "input": {}}, "class_build_tag": "439rc28922", "instance_id": "0b22d60d-409b-4ab9-9197-ff109aed3681"}, "2469b20f-f8a0-42c3-8ddf-820450becc2c": {"class_fqid": "com-snaplogic-snaps-transform-datatransform_4-439rc28922", "class_id": "com-snaplogic-snaps-transform-datatransform", "class_version": 4, "instance_fqid": "2469b20f-f8a0-42c3-8ddf-820450becc2c_1", "instance_version": 1, "property_map": {"info": {"label": {"value": "Mapper"}, "notes": {}}, "input": {"input0": {"view_type": {"value": "document"}, "label": {"value": "input0"}}}, "output": {"output0": {"view_type": {"value": "document"}, "label": {"value": "output0"}}}, "error": {"error0": {"view_type": {"value": "document"}, "label": {"value": "error0"}}, "error_behavior": {"value": "fail"}}, "settings": {"execution_mode": {"value": "Validate & Execute"}, "passThrough": {"value": false}, "transformations": {"value": {"mappingRoot": {"value": "$"}, "mappingTable": {"value": [{"expression": {"expression": true, "value": "Date.now().plusSeconds($value).toLocaleTimeString().split(\".\")[0]"}, "targetPath": {"value": "StartTime"}}, {"expression": {"value": "Date.now().toLocaleDateString()", "expression": true}, "targetPath": {"value": "StartDate"}}, {"expression": {"value": "_object_id", "expression": true}, "targetPath": {"value": "SnodeID"}}, {"expression": {"value": "_path", "expression": true}, "targetPath": {"value": "PipelinePath"}}]}}}, "nullSafeAccess": {"value": false}}, "view_serial": 100}, "class_build_tag": "439rc28922", "instance_id": "2469b20f-f8a0-42c3-8ddf-820450becc2c"}, "686db9d6-59a4-421f-9bbc-43756af796c2": {"class_fqid": "com-snaplogic-snaps-transform-datatransform_4-439rc28922", "class_id": "com-snaplogic-snaps-transform-datatransform", "class_version": 4, "instance_fqid": "686db9d6-59a4-421f-9bbc-43756af796c2_4", "instance_version": 4, "property_map": {"info": {"label": {"value": "Mapper1"}, "notes": {}}, "input": {"input0": {"view_type": {"value": "document"}, "label": {"value": "input0"}}}, "output": {"output0": {"view_type": {"value": "document"}, "label": {"value": "output0"}}}, "error": {"error0": {"view_type": {"value": "document"}, "label": {"value": "error0"}}, "error_behavior": {"value": "fail"}}, "settings": {"execution_mode": {"value": "Validate & Execute"}, "passThrough": {"value": true}, "transformations": {"value": {"mappingRoot": {"value": "$"}, "mappingTable": {"value": [{"expression": {"expression": true, "value": "$original.StartDate"}, "targetPath": {"value": "$schedule.start_date"}}, {"expression": {"value": "$original.StartTime", "expression": true}, "targetPath": {"value": "$schedule.start_time"}}, {"expression": {"value": "$original.StartDate", "expression": true}, "targetPath": {"value": "$trigger.start_date"}}, {"expression": {"value": "$trigger.start_time", "expression": true}, "targetPath": {"value": "$trigger.start_time"}}, {"expression": {"value": "$job_name+_RunTimePath.split(\"/\")[3]+$original.StartTime", "expression": true}, "targetPath": {"value": "$job_name"}}, {"expression": {"value": "$original.PipelinePath", "expression": true}, "targetPath": {"value": "$parameters.pipeline_path"}}, {"expression": {"value": "$original.SnodeID", "expression": true}, "targetPath": {"value": "$parameters.pipeline_snode_id"}}, {"expression": {"value": "true", "expression": true}, "targetPath": {"value": "$parameters.enabled"}}, {"expression": {"value": "_RunTimePath", "expression": true}, "targetPath": {"value": "$parameters.runtime_path_id"}}]}}}, "nullSafeAccess": {"value": false}}, "view_serial": 100}, "class_build_tag": "439rc28922", "instance_id": "686db9d6-59a4-421f-9bbc-43756af796c2"}, "7917cd20-91b7-46fd-b179-03f9fd540872": {"class_fqid": "com-snaplogic-snaps-snaplogic-create_1-439rc28922", "class_id": "com-snaplogic-snaps-snaplogic-create", "class_version": 1, "instance_fqid": "7917cd20-91b7-46fd-b179-03f9fd540872_1", "instance_version": 1, "property_map": {"info": {"label": {"value": "SnapLogic Create"}, "notes": {}}, "input": {"input0": {"view_type": {"value": "document"}, "label": {"value": "input0"}}}, "error": {"error0": {"view_type": {"value": "document"}, "label": {"value": "error0"}}, "error_behavior": {"value": "fail"}}, "settings": {"execution_mode": {"value": "Execute only"}, "executable_during_suggest": {"value": false}, "AssetType": {"value": "TASK"}, "AssetPath": {"value": "_DestinationPath+\"/\"+$job_name", "expression": true}}, "view_serial": 101, "output": {"output101": {"label": {"value": "output0"}, "view_type": {"value": "document"}}}}, "class_build_tag": "439rc28922", "instance_id": "7917cd20-91b7-46fd-b179-03f9fd540872"}, "4028e89c-b594-45db-a0da-5b21a4d4fe45": {"class_fqid": "com-snaplogic-snaps-transform-datatransform_4-main27765", "class_id": "com-snaplogic-snaps-transform-datatransform", "class_version": 4, "instance_fqid": "4028e89c-b594-45db-a0da-5b21a4d4fe45_1", "instance_version": 1, "property_map": {"info": {"label": {"value": "Mapper"}, "notes": {}}, "input": {"input0": {"view_type": {"value": "document"}, "label": {"value": "input0"}}}, "output": {"output0": {"view_type": {"value": "document"}, "label": {"value": "output0"}}}, "error": {"error0": {"view_type": {"value": "document"}, "label": {"value": "error0"}}, "error_behavior": {"value": "fail"}}, "settings": {"execution_mode": {"value": "Validate & Execute"}, "passThrough": {"value": false}, "transformations": {"value": {"mappingRoot": {"value": "$"}, "mappingTable": {"value": [{"expression": {"expression": true, "value": "_NumberOfTasks"}, "targetPath": {"value": "NumOfTasks"}}]}}}, "nullSafeAccess": {"value": false}}, "view_serial": 100}, "class_build_tag": "main27765", "instance_id": "4028e89c-b594-45db-a0da-5b21a4d4fe45"}}, "link_map": {"link101": {"dst_id": "2469b20f-f8a0-42c3-8ddf-820450becc2c", "dst_view_id": "input0", "src_id": "0b22d60d-409b-4ab9-9197-ff109aed3681", "src_view_id": "output0"}, "link102": {"dst_id": "172aefad-78c7-4660-bcb4-904f6940f54f", "dst_view_id": "input101", "src_id": "2469b20f-f8a0-42c3-8ddf-820450becc2c", "src_view_id": "output0"}, "link103": {"dst_id": "686db9d6-59a4-421f-9bbc-43756af796c2", "dst_view_id": "input0", "src_id": "172aefad-78c7-4660-bcb4-904f6940f54f", "src_view_id": "output0"}, "link104": {"dst_id": "7917cd20-91b7-46fd-b179-03f9fd540872", "dst_view_id": "input0", "src_id": "686db9d6-59a4-421f-9bbc-43756af796c2", "src_view_id": "output0"}, "link105": {"dst_id": "4028e89c-b594-45db-a0da-5b21a4d4fe45", "dst_view_id": "input0", "src_id": "7917cd20-91b7-46fd-b179-03f9fd540872", "src_view_id": "output101"}}, "ai_map": {"footprint": "H4sIAAAAAAAAA8srzckBAE/8yyUEAAAA"}, "class_id": "com-snaplogic-pipeline", "class_version": 9, "instance_id": "2d7fd85a-d3ed-4a62-abcf-1e0f931248b1", "instance_fqid": "2d7fd85a-d3ed-4a62-abcf-1e0f931248b1_6", "create_time": {"$date": "2024-11-20T19:25:11.110Z"}, "update_time": {"$date": "2024-11-21T22:43:58.880Z"}, "update_user_id": "kchaitanya+admin@snaplogic.com", "create_user_id": "kchaitanya+admin@snaplogic.com", "migrate_version": "main-28272", "scrub_backup": [], "scrub_version": "bd5ad2571a0eafe60808d55c3e16c0f8e0ae08d67f5369bb3ad9c1921556eb14", "path": "/DpPerf/ScheduledTask/ScheduledTaskPerf/Replicator", "snode_id": "673e37973c8da6385ef754f1", "project_snode_id": "673e37962c2404030efd30ff", "partition_snode_id": "673e3783703e2986126efca8", "name": "Replicator", "target_runtime": "standard", "org_id": "67379bab7ced55f20fb6f69c", "org_snode_id": "67379bab7ced55f20fb6f69c"}, {"class_fqid": "com-snaplogic-pipeline_9", "instance_version": 5, "link_serial": 101, "path_id": "/DpPerf/ScheduledTask/ScheduledTaskPerf", "property_map": {"info": {"label": {"value": "DeleteExistingTasks"}, "author": {"value": "kchaitanya+admin@snaplogic.com"}, "pipeline_doc_uri": {"value": null}, "notes": {"value": null}, "purpose": {"value": null}}, "error": {"error_behavior": {"value": "none"}}, "settings": {"suspendable": {"value": false}, "test_pipeline": {"value": false}, "error_pipeline": {"value": null, "expression": false}, "error_param_table": {"value": []}, "param_table": {"value": []}, "imports": {"value": []}, "cache_pipelines": {"value": []}}, "instance_version": 4, "input": {}, "output": {}}, "render_map": {"scale_ratio": 1, "pan_x_num": 0, "pan_y_num": 0, "default_snaplex": "6737a8f74738f7a051a89895", "detail_map": {"0e550f51-6c75-48cb-8ba4-051132f2eab9": {"grid_x_int": 2, "grid_y_int": 1, "rot_int": 0, "recommendation_id": null, "source": "snap catagory", "index": null, "rot_tail_int": 0, "input": {}}, "c1a44fc5-2cfc-4f6b-b6c0-ef77b0631d06": {"grid_x_int": 3, "grid_y_int": 1, "rot_int": 0, "recommendation_id": null, "source": "snap catagory", "index": null, "rot_tail_int": 0, "output": {}}}}, "snap_map": {"0e550f51-6c75-48cb-8ba4-051132f2eab9": {"class_fqid": "com-snaplogic-snaps-snaplogic-list_1-main29029", "class_id": "com-snaplogic-snaps-snaplogic-list", "class_version": 1, "instance_fqid": "0e550f51-6c75-48cb-8ba4-051132f2eab9_2", "instance_version": 2, "property_map": {"info": {"label": {"value": "SnapLogic List"}, "notes": {}}, "output": {"output0": {"view_type": {"value": "document"}, "label": {"value": "output0"}}}, "error": {"error0": {"view_type": {"value": "document"}, "label": {"value": "error0"}}, "error_behavior": {"value": "fail"}}, "settings": {"execution_mode": {"value": "Validate & Execute"}, "AssetType": {"value": "TASK"}, "AssetPath": {"value": "/DpPerf/ScheduledTask/ScheduledTasks", "expression": false}}, "view_serial": 100, "input": {}}, "class_build_tag": "main29029", "instance_id": "0e550f51-6c75-48cb-8ba4-051132f2eab9"}, "c1a44fc5-2cfc-4f6b-b6c0-ef77b0631d06": {"class_fqid": "com-snaplogic-snaps-snaplogic-delete_1-main29029", "class_id": "com-snaplogic-snaps-snaplogic-delete", "class_version": 1, "instance_fqid": "c1a44fc5-2cfc-4f6b-b6c0-ef77b0631d06_3", "instance_version": 3, "property_map": {"info": {"label": {"value": "SnapLogic Delete"}, "notes": {}}, "error": {"error0": {"view_type": {"value": "document"}, "label": {"value": "error0"}}, "error_behavior": {"value": "fail"}}, "settings": {"execution_mode": {"value": "Execute only"}, "executable_during_suggest": {"value": false}, "AssetType": {"value": "TASK"}, "AssetPath": {"value": "$path", "expression": true}}, "view_serial": 101, "input": {"input101": {"label": {"value": "input0"}, "view_type": {"value": "document"}}}, "output": {}}, "class_build_tag": "main29029", "instance_id": "c1a44fc5-2cfc-4f6b-b6c0-ef77b0631d06"}}, "link_map": {"link100": {"dst_id": "c1a44fc5-2cfc-4f6b-b6c0-ef77b0631d06", "dst_view_id": "input101", "src_id": "0e550f51-6c75-48cb-8ba4-051132f2eab9", "src_view_id": "output0"}}, "class_id": "com-snaplogic-pipeline", "class_version": 9, "instance_id": "2f8765fb-1355-4a28-88a7-73b1a89509e6", "instance_fqid": "2f8765fb-1355-4a28-88a7-73b1a89509e6_5", "create_time": {"$date": "2024-11-21T22:24:05.961Z"}, "update_time": {"$date": "2024-11-21T22:26:00.648Z"}, "update_user_id": "kchaitanya+admin@snaplogic.com", "create_user_id": "kchaitanya+admin@snaplogic.com", "migrate_version": "main-28272", "scrub_backup": [], "scrub_version": "bd5ad2571a0eafe60808d55c3e16c0f8e0ae08d67f5369bb3ad9c1921556eb14", "ai_map": {"footprint": "H4sIAAAAAAAAA8srzckBAE/8yyUEAAAA"}, "path": "/DpPerf/ScheduledTask/ScheduledTaskPerf/DeleteExistingTasks", "snode_id": "673fb305015e67004122f687", "project_snode_id": "673e37962c2404030efd30ff", "partition_snode_id": "673e3783703e2986126efca8", "name": "DeleteExistingTasks", "target_runtime": "standard", "org_id": "67379bab7ced55f20fb6f69c", "org_snode_id": "67379bab7ced55f20fb6f69c"}, {"class_fqid": "com-snaplogic-pipeline_9", "instance_version": 19, "link_serial": 101, "path_id": "/DpPerf/ScheduledTask/ScheduledTaskPerf", "property_map": {"info": {"label": {"value": "ScheduledPerfRunner"}, "author": {"value": "kchaitanya+admin@snaplogic.com"}, "pipeline_doc_uri": {"value": null}, "notes": {"value": null}, "purpose": {"value": null}}, "error": {"error_behavior": {"value": "none"}}, "settings": {"suspendable": {"value": false}, "test_pipeline": {"value": false}, "error_pipeline": {"value": null, "expression": false}, "error_param_table": {"value": []}, "param_table": {"value": [{"capture": {"value": false}, "key": {"value": "NumOfTasks"}, "value": {"value": "300"}, "required": {"value": false}, "data_type": {"value": "string"}, "description": {"value": null}}, {"capture": {"value": false}, "key": {"value": "Release"}, "value": {"value": "4.39.1.0"}, "required": {"value": false}, "data_type": {"value": "string"}, "description": {"value": null}}]}, "imports": {"value": []}, "cache_pipelines": {"value": []}}, "instance_version": 18, "input": {}, "output": {"cefe8bf0-7692-4895-9d1f-752520a2aa89_output0": {"view_type": {"value": "document"}, "label": {"value": "Pipeline Execute - output0"}}}}, "render_map": {"scale_ratio": 1, "pan_x_num": 0, "pan_y_num": 0, "default_snaplex": "67379d626dad673ebe036754", "detail_map": {"60206ae1-796d-4da6-8707-6f7cf9b247d9": {"grid_x_int": 1, "grid_y_int": 1, "rot_int": 0, "recommendation_id": null, "source": "snap catagory", "index": null, "rot_tail_int": 0, "input": {}}, "cefe8bf0-7692-4895-9d1f-752520a2aa89": {"grid_x_int": 2, "grid_y_int": 1, "rot_int": 0, "recommendation_id": null, "source": "snap catagory", "index": null, "rot_tail_int": 0}}}, "snap_map": {"60206ae1-796d-4da6-8707-6f7cf9b247d9": {"class_fqid": "com-snaplogic-snaps-transform-jsongenerator_2-439rc28922", "class_id": "com-snaplogic-snaps-transform-jsongenerator", "class_version": 2, "instance_fqid": "60206ae1-796d-4da6-8707-6f7cf9b247d9_2", "instance_version": 2, "property_map": {"info": {"label": {"value": "JSON Generator"}, "notes": {}}, "output": {"output0": {"view_type": {"value": "document"}, "label": {"value": "output0"}}}, "error": {"error0": {"view_type": {"value": "document"}, "label": {"value": "error0"}}, "error_behavior": {"value": "fail"}}, "settings": {"execution_mode": {"value": "Validate & Execute"}, "editable_content": {"value": "## Enter your JSON-encoded data in this space.  Note that this text is\n## treated as an Apache Velocity template, so you can substitute values\n## from input documents or the pipeline parameters.  See the following\n## URL for more information about Velocity:\n##   https://velocity.apache.org/engine/devel/user-guide.html\n\n[\n    {\n                \"runtime_path_id\" : \"DpPerf/rt/sidekick/dpPerfGroundSnaplexMedium\"\n    },\n     {\n                \"runtime_path_id\" : \"DpPerf/rt/cloud/dpPerfCloudSnaplexMedium\"\n    }\n]\n\n\n## Tips:\n##  * The sample data above will generate a single empty document, uncomment\n##    the line in the middle to include the sample fields.  Adding more\n##    objects to the root array will cause the snap to generate more\n##    than one document.\n##  * Pipeline parameters can be referenced by prefixing the parameter\n##    name with an underscore, like so:\n##      ${_pipelineParamName}\n##  * If you add an input view to the snap, this template will be\n##    evaluated for each input document.\n##  * Fields in the input documents can be referenced by prefixing them\n##    with a dollar-sign ($), like so:\n##      $parent.child[0].value\n##  * Any referenced document values and pipeline parameters will\n##    automatically be JSON-encoded when they are inserted into the final\n##    JSON document.  You should not have to worry about escaping values\n##    yourself.\n##  * If you are having troubles getting a template to produce valid JSON,\n##    you can add an error view to the snap to get a document that\n##    contains the output of the template evaluation.\n"}, "arrayElementsAsDocuments": {"value": true}, "passThroughProp": {"value": false}, "supportTypeExts": {"value": false}}, "view_serial": 100, "input": {}}, "class_build_tag": "439rc28922", "instance_id": "60206ae1-796d-4da6-8707-6f7cf9b247d9"}, "cefe8bf0-7692-4895-9d1f-752520a2aa89": {"class_fqid": "com-snaplogic-snaps-flow-pipeexec_1-439rc28922", "class_id": "com-snaplogic-snaps-flow-pipeexec", "class_version": 1, "instance_fqid": "cefe8bf0-7692-4895-9d1f-752520a2aa89_6", "instance_version": 6, "property_map": {"info": {"label": {"value": "Pipeline Execute"}, "notes": {}}, "input": {"input0": {"view_type": {"value": "document"}, "label": {"value": "input0"}}}, "output": {"output0": {"view_type": {"value": "document"}, "label": {"value": "output0"}}}, "error": {"error0": {"view_type": {"value": "document"}, "label": {"value": "error0"}}, "error_behavior": {"value": "fail"}}, "settings": {"timeout": {"value": null, "expression": false}, "pipeline": {"expression": false, "value": "MasterRunner"}, "execLabel": {"expression": true, "value": null}, "params": {"value": [{"paramValue": {"expression": false, "value": "/DpPerf/ScheduledTask/ScheduledTaskPerf/"}, "paramName": {"value": "SrcPath"}}, {"paramName": {"value": "DestPath"}, "paramValue": {"value": "/DpPerf/ScheduledTask/ScheduledTasks", "expression": false}}, {"paramName": {"value": "NumofTasks"}, "paramValue": {"value": "_NumOfTasks", "expression": true}}, {"paramName": {"value": "Release"}, "paramValue": {"value": "_Release", "expression": true}}, {"paramName": {"value": "RunTimePath"}, "paramValue": {"value": "$runtime_path_id", "expression": true}}]}, "execution_mode": {"value": "Validate & Execute"}, "snaplexGovernor": {"value": "LOCAL_SNAPLEX"}, "retryInterval": {"value": null, "expression": false}, "retryLimit": {"value": null, "expression": false}, "reuse": {"value": false}, "snaplex": {"expression": false}, "executable_during_suggest": {"value": true}, "batchSize": {"value": 1, "expression": false}, "poolSize": {"value": 6, "expression": false}, "loopDocument": {"expression": true}}, "view_serial": 100}, "class_build_tag": "439rc28922", "instance_id": "cefe8bf0-7692-4895-9d1f-752520a2aa89"}}, "link_map": {"link100": {"dst_id": "cefe8bf0-7692-4895-9d1f-752520a2aa89", "dst_view_id": "input0", "src_id": "60206ae1-796d-4da6-8707-6f7cf9b247d9", "src_view_id": "output0"}}, "class_id": "com-snaplogic-pipeline", "class_version": 9, "instance_id": "64b805c4-d985-486d-bd57-cc51b195980e", "instance_fqid": "64b805c4-d985-486d-bd57-cc51b195980e_19", "create_time": {"$date": "2024-11-20T21:24:58.631Z"}, "update_time": {"$date": "2024-11-22T19:27:22.056Z"}, "update_user_id": "kchaitanya+admin@snaplogic.com", "create_user_id": "kchaitanya+admin@snaplogic.com", "migrate_version": "main-28272", "scrub_backup": [], "scrub_version": "bd5ad2571a0eafe60808d55c3e16c0f8e0ae08d67f5369bb3ad9c1921556eb14", "ai_map": {"footprint": "H4sIAAAAAAAAA8srzckBAE/8yyUEAAAA"}, "path": "/DpPerf/ScheduledTask/ScheduledTaskPerf/ScheduledPerfRunner", "snode_id": "673e53aa7162a424734090f9", "project_snode_id": "673e37962c2404030efd30ff", "partition_snode_id": "673e3783703e2986126efca8", "name": "ScheduledPerfRunner", "target_runtime": "standard", "org_id": "67379bab7ced55f20fb6f69c", "org_snode_id": "67379bab7ced55f20fb6f69c"}, {"class_fqid": "com-snaplogic-pipeline_9", "instance_version": 19, "link_serial": 118, "path_id": "/DpPerf/ScheduledTask/ScheduledTaskPerf", "property_map": {"info": {"label": {"value": "MasterRunner"}, "author": {"value": "kchaitanya+admin@snaplogic.com"}, "pipeline_doc_uri": {"value": null}, "notes": {"value": null}, "purpose": {"value": null}}, "error": {"error_behavior": {"value": "none"}}, "settings": {"suspendable": {"value": false}, "test_pipeline": {"value": false}, "error_pipeline": {"value": null, "expression": false}, "error_param_table": {"value": []}, "param_table": {"value": [{"capture": {"value": false}, "key": {"value": "SrcPath"}, "value": {"value": "/DpPerf/ScheduledTask/ScheduledTaskPerf/"}, "required": {"value": false}, "data_type": {"value": "string"}, "description": {"value": null}}, {"capture": {"value": false}, "key": {"value": "DestPath"}, "value": {"value": "/DpPerf/ScheduledTask/ScheduledTasks"}, "required": {"value": false}, "data_type": {"value": "string"}, "description": {"value": null}}, {"capture": {"value": false}, "key": {"value": "NumofTasks"}, "value": {"value": "3"}, "required": {"value": false}, "data_type": {"value": "string"}, "description": {"value": null}}, {"capture": {"value": false}, "key": {"value": "Release"}, "value": {"value": "4.39"}, "required": {"value": false}, "data_type": {"value": "string"}, "description": {"value": null}}, {"capture": {"value": false}, "key": {"value": "RunTimePath"}, "value": {"value": null}, "required": {"value": false}, "data_type": {"value": "string"}, "description": {"value": null}}]}, "imports": {"value": []}, "cache_pipelines": {"value": []}}, "instance_version": 18, "input": {}, "output": {"1bfa0b0a-70ba-4c1c-b7d3-d0344bfa4ed2_output0": {"view_type": {"value": "document"}, "label": {"value": "Pipeline Execute1 - output0"}}}}, "render_map": {"scale_ratio": 1, "pan_x_num": 0, "pan_y_num": 0, "default_snaplex": "66d5b042fb8cbaa382aca21e", "detail_map": {"6fe78df4-b441-441a-8aa8-a21413ce0059": {"grid_x_int": 6, "grid_y_int": 2, "rot_int": 0, "recommendation_id": null, "source": "snap catagory", "index": null, "rot_tail_int": 0}, "5c7b9f87-6166-4192-a636-ea660e25a09a": {"grid_x_int": 9, "grid_y_int": 2, "rot_int": 0, "recommendation_id": null, "source": "snap catagory", "index": null, "rot_tail_int": 0, "input": {}, "output": {}, "error": {}}, "1bfa0b0a-70ba-4c1c-b7d3-d0344bfa4ed2": {"grid_x_int": 10, "grid_y_int": 2, "rot_int": 0, "recommendation_id": null, "source": "snap catagory", "index": null, "rot_tail_int": 0}, "ffd35a29-1659-4344-8bbe-abd69555588e": {"grid_x_int": 4, "grid_y_int": 2, "rot_int": 0, "recommendation_id": null, "source": "snap catagory", "index": null, "rot_tail_int": 0, "output": {}, "input": {}, "error": {}}, "a3664eec-663a-4172-a745-d2f7d4688ef3": {"grid_x_int": 7, "grid_y_int": 2, "rot_int": 0, "recommendation_id": null, "source": "snap catagory", "index": null, "rot_tail_int": 0, "input": {}, "output": {}, "error": {}}, "9deb0830-fb76-41df-b400-194c3681e5fd": {"grid_x_int": 8, "grid_y_int": 2, "rot_int": 0, "recommendation_id": null, "source": "snap catagory", "index": null, "rot_tail_int": 0, "input": {}, "output": {}, "error": {}}, "04d2aed7-4764-4483-ac1c-fe37b6abaaef": {"grid_x_int": 5, "grid_y_int": 2, "rot_int": 0, "recommendation_id": null, "source": "", "index": null, "rot_tail_int": 0}}}, "snap_map": {"6fe78df4-b441-441a-8aa8-a21413ce0059": {"class_fqid": "com-snaplogic-snaps-flow-pipeexec_1-main27765", "class_id": "com-snaplogic-snaps-flow-pipeexec", "class_version": 1, "instance_fqid": "6fe78df4-b441-441a-8aa8-a21413ce0059_3", "instance_version": 3, "property_map": {"info": {"label": {"value": "Pipeline Execute"}, "notes": {}}, "input": {"input0": {"view_type": {"value": "document"}, "label": {"value": "input0"}}}, "output": {"output0": {"view_type": {"value": "document"}, "label": {"value": "output0"}}}, "error": {"error0": {"view_type": {"value": "document"}, "label": {"value": "error0"}}, "error_behavior": {"value": "fail"}}, "settings": {"timeout": {"value": null, "expression": false}, "pipeline": {"expression": false, "value": "Replicator"}, "execLabel": {"expression": true, "value": null}, "params": {"value": [{"paramValue": {"expression": true, "value": "_NumofTasks"}, "paramName": {"value": "NumberOfTasks"}}, {"paramName": {"value": "SourcePath"}, "paramValue": {"value": "_SrcPath", "expression": true}}, {"paramName": {"value": "DestinationPath"}, "paramValue": {"value": "_DestPath", "expression": true}}, {"paramName": {"value": "object_id"}, "paramValue": {"value": "$snode_id", "expression": true}}, {"paramName": {"value": "path"}, "paramValue": {"value": "$path", "expression": true}}, {"paramName": {"value": "RunTimePath"}, "paramValue": {"value": "_RunTimePath", "expression": true}}]}, "execution_mode": {"value": "Validate & Execute"}, "snaplexGovernor": {"value": "LOCAL_SNAPLEX"}, "retryInterval": {"value": null, "expression": false}, "retryLimit": {"value": null, "expression": false}, "reuse": {"value": false}, "snaplex": {"expression": false}, "executable_during_suggest": {"value": true}, "batchSize": {"value": 1, "expression": false}, "poolSize": {"value": 1, "expression": false}, "loopDocument": {"expression": true}}, "view_serial": 100}, "class_build_tag": "main27765", "instance_id": "6fe78df4-b441-441a-8aa8-a21413ce0059"}, "5c7b9f87-6166-4192-a636-ea660e25a09a": {"class_fqid": "com-snaplogic-snaps-script-script_2-main27765", "class_id": "com-snaplogic-snaps-script-script", "class_version": 2, "instance_fqid": "5c7b9f87-6166-4192-a636-ea660e25a09a_1", "instance_version": 1, "property_map": {"info": {"label": {"value": "Script"}, "notes": {}}, "input": {"input0": {"view_type": {"value": "document"}, "label": {"value": "input0"}}}, "output": {"output0": {"view_type": {"value": "document"}, "label": {"value": "output0"}}}, "error": {"error0": {"view_type": {"value": "document"}, "label": {"value": "error0"}}, "error_behavior": {"value": "fail"}}, "settings": {"execution_mode": {"value": "Execute only"}, "executable_during_suggest": {"value": false}, "language": {"value": "Python"}, "script": {"value": null, "expression": false}, "editable_content": {"value": "# Import the interface required by the Script snap.\r\nfrom com.snaplogic.scripting.language import ScriptHook\r\nfrom time import sleep\r\nclass TransformScript(ScriptHook):\r\n    def __init__(self, input, output, error, log):\r\n        self.input = input\r\n        self.output = output\r\n        self.error = error\r\n        self.log = log\r\n\r\n    # The \"execute()\" method is called once when the pipeline is started\r\n    # and allowed to process its inputs or just send data to its outputs.\r\n    def execute(self):\r\n        self.log.info(\"Executing Transform script\")\r\n        while self.input.hasNext():\r\n            try:\r\n                # Read the next input document, store it in a new dictionary, and write this as an output document.\r\n                inDoc = self.input.next()\r\n                sleep(int(inDoc.get('NumOfTasks'))+5)\r\n                outDoc = {\r\n                    'original' : inDoc\r\n                }\r\n                self.output.write(inDoc, outDoc)\r\n            except Exception as e:\r\n                errDoc = {\r\n                    'error' : str(e)\r\n                }\r\n                self.log.error(\"Error in python script\")\r\n                self.error.write(errDoc)\r\n\r\n        self.log.info(\"Script executed\")\r\n\r\n    # The \"cleanup()\" method is called after the snap has exited the execute() method\r\n    def cleanup(self):\r\n        self.log.info(\"Cleaning up\")\r\n\r\n# The Script Snap will look for a ScriptHook object in the \"hook\"\r\n# variable.  The snap will then call the hook's \"execute\" method.\r\nhook = TransformScript(input, output, error, log)\r\n"}}, "view_serial": 100}, "class_build_tag": "main27765", "instance_id": "5c7b9f87-6166-4192-a636-ea660e25a09a"}, "1bfa0b0a-70ba-4c1c-b7d3-d0344bfa4ed2": {"class_fqid": "com-snaplogic-snaps-flow-pipeexec_1-main27765", "class_id": "com-snaplogic-snaps-flow-pipeexec", "class_version": 1, "instance_fqid": "1bfa0b0a-70ba-4c1c-b7d3-d0344bfa4ed2_4", "instance_version": 4, "property_map": {"info": {"label": {"value": "Pipeline Execute1"}, "notes": {}}, "input": {"input0": {"view_type": {"value": "document"}, "label": {"value": "input0"}}}, "output": {"output0": {"view_type": {"value": "document"}, "label": {"value": "output0"}}}, "error": {"error0": {"view_type": {"value": "document"}, "label": {"value": "error0"}}, "error_behavior": {"value": "fail"}}, "settings": {"timeout": {"value": null, "expression": false}, "pipeline": {"expression": false, "value": "Monitor"}, "execLabel": {"expression": true, "value": null}, "params": {"value": [{"paramValue": {"expression": true, "value": "_DestPath"}, "paramName": {"value": "SourcePath"}}, {"paramName": {"value": "Release"}, "paramValue": {"value": "_Release", "expression": true}}, {"paramName": {"value": "RuntimePath"}, "paramValue": {"value": "_RunTimePath", "expression": true}}, {"paramName": {"value": "TotalNoOfTasks"}, "paramValue": {"value": "_NumofTasks", "expression": true}}]}, "execution_mode": {"value": "Validate & Execute"}, "snaplexGovernor": {"value": "LOCAL_SNAPLEX"}, "retryInterval": {"value": null, "expression": false}, "retryLimit": {"value": null, "expression": false}, "reuse": {"value": false}, "snaplex": {"expression": false}, "executable_during_suggest": {"value": true}, "batchSize": {"value": 1, "expression": false}, "poolSize": {"value": 1, "expression": false}, "loopDocument": {"expression": true}}, "view_serial": 100}, "class_build_tag": "main27765", "instance_id": "1bfa0b0a-70ba-4c1c-b7d3-d0344bfa4ed2"}, "ffd35a29-1659-4344-8bbe-abd69555588e": {"class_fqid": "com-snaplogic-snaps-transform-sequence_1-main27765", "class_id": "com-snaplogic-snaps-transform-sequence", "class_version": 1, "instance_fqid": "ffd35a29-1659-4344-8bbe-abd69555588e_1", "instance_version": 1, "property_map": {"info": {"label": {"value": "Sequence"}}, "output": {"output0": {"view_type": {"value": "document"}, "label": {"value": "output0"}}}, "error": {"error0": {"view_type": {"value": "document"}, "label": {"value": "error0"}}, "error_behavior": {"value": "fail"}}, "settings": {"execution_mode": {"value": "Validate & Execute"}, "initialValueProp": {"value": 1}, "stepValueProp": {"value": 1}, "numberOfDocumentsProp": {"value": 1}}, "view_serial": 100}, "class_build_tag": "main27765", "instance_id": "ffd35a29-1659-4344-8bbe-abd69555588e"}, "a3664eec-663a-4172-a745-d2f7d4688ef3": {"class_fqid": "com-snaplogic-snaps-transform-groupbyfields_1-main27765", "class_id": "com-snaplogic-snaps-transform-groupbyfields", "class_version": 1, "instance_fqid": "a3664eec-663a-4172-a745-d2f7d4688ef3_1", "instance_version": 1, "property_map": {"info": {"label": {"value": "Group By Fields"}, "notes": {}}, "input": {"input0": {"view_type": {"value": "document"}, "label": {"value": "input0"}}}, "output": {"output0": {"view_type": {"value": "document"}, "label": {"value": "output0"}}}, "error": {"error0": {"view_type": {"value": "document"}, "label": {"value": "error0"}}, "error_behavior": {"value": "fail"}}, "settings": {"execution_mode": {"value": "Validate & Execute"}, "targetField": {"value": "group"}, "memorySensitivity": {"value": "None"}, "minPartSize": {"value": 10, "expression": false}, "minimumMemory": {"value": 500, "expression": false}, "outOfResourceTimeout": {"value": 30, "expression": false}, "fields": {"value": [{"field": {"value": "$NumOfTasks"}}]}}, "view_serial": 100}, "class_build_tag": "main27765", "instance_id": "a3664eec-663a-4172-a745-d2f7d4688ef3"}, "9deb0830-fb76-41df-b400-194c3681e5fd": {"class_fqid": "com-snaplogic-snaps-transform-datatransform_4-main27765", "class_id": "com-snaplogic-snaps-transform-datatransform", "class_version": 4, "instance_fqid": "9deb0830-fb76-41df-b400-194c3681e5fd_1", "instance_version": 1, "property_map": {"info": {"label": {"value": "Mapper"}, "notes": {}}, "input": {"input0": {"view_type": {"value": "document"}, "label": {"value": "input0"}}}, "output": {"output0": {"view_type": {"value": "document"}, "label": {"value": "output0"}}}, "error": {"error0": {"view_type": {"value": "document"}, "label": {"value": "error0"}}, "error_behavior": {"value": "fail"}}, "settings": {"execution_mode": {"value": "Validate & Execute"}, "passThrough": {"value": false}, "transformations": {"value": {"mappingRoot": {"value": "$"}, "mappingTable": {"value": [{"expression": {"expression": true, "value": "$groupBy.NumOfTasks"}, "targetPath": {"value": "NumOfTasks"}}]}}}, "nullSafeAccess": {"value": false}}, "view_serial": 100}, "class_build_tag": "main27765", "instance_id": "9deb0830-fb76-41df-b400-194c3681e5fd"}, "04d2aed7-4764-4483-ac1c-fe37b6abaaef": {"class_fqid": "com-snaplogic-snaps-snaplogic-read_1-main27765", "class_id": "com-snaplogic-snaps-snaplogic-read", "class_version": 1, "instance_fqid": "04d2aed7-4764-4483-ac1c-fe37b6abaaef_3", "instance_version": 3, "property_map": {"info": {"label": {"value": "SnapLogic Read"}, "notes": {}}, "output": {"output0": {"view_type": {"value": "document"}, "label": {"value": "output0"}}}, "error": {"error0": {"view_type": {"value": "document"}, "label": {"value": "error0"}}, "error_behavior": {"value": "fail"}}, "settings": {"execution_mode": {"value": "Validate & Execute"}, "strictPath": {"value": false}, "normalized": {"value": false}, "AssetType": {"value": "PIPELINE"}, "AssetPath": {"value": "_DestPath+\"/SimplePipeline\"", "expression": true}}, "view_serial": 101, "input": {"input101": {"label": {"value": "input0"}, "view_type": {"value": "document"}}}}, "class_build_tag": "main27765", "instance_id": "04d2aed7-4764-4483-ac1c-fe37b6abaaef"}}, "link_map": {"link103": {"dst_id": "1bfa0b0a-70ba-4c1c-b7d3-d0344bfa4ed2", "dst_view_id": "input0", "src_id": "5c7b9f87-6166-4192-a636-ea660e25a09a", "src_view_id": "output0"}, "link107": {"dst_id": "a3664eec-663a-4172-a745-d2f7d4688ef3", "dst_view_id": "input0", "src_id": "6fe78df4-b441-441a-8aa8-a21413ce0059", "src_view_id": "output0"}, "link108": {"dst_id": "5c7b9f87-6166-4192-a636-ea660e25a09a", "dst_view_id": "input0", "src_id": "9deb0830-fb76-41df-b400-194c3681e5fd", "src_view_id": "output0"}, "link109": {"dst_id": "9deb0830-fb76-41df-b400-194c3681e5fd", "dst_view_id": "input0", "src_id": "a3664eec-663a-4172-a745-d2f7d4688ef3", "src_view_id": "output0"}, "link113": {"dst_id": "04d2aed7-4764-4483-ac1c-fe37b6abaaef", "dst_view_id": "input101", "src_id": "ffd35a29-1659-4344-8bbe-abd69555588e", "src_view_id": "output0"}, "link117": {"dst_id": "6fe78df4-b441-441a-8aa8-a21413ce0059", "dst_view_id": "input0", "src_id": "04d2aed7-4764-4483-ac1c-fe37b6abaaef", "src_view_id": "output0"}}, "ai_map": {"footprint": "H4sIAAAAAAAAA8srzckBAE/8yyUEAAAA"}, "class_id": "com-snaplogic-pipeline", "class_version": 9, "instance_id": "7a731a9c-e24b-4513-9fca-6e1f7443e8e2", "instance_fqid": "7a731a9c-e24b-4513-9fca-6e1f7443e8e2_19", "create_time": {"$date": "2024-11-20T19:25:11.402Z"}, "update_time": {"$date": "2024-11-20T22:53:38.763Z"}, "update_user_id": "kchaitanya+admin@snaplogic.com", "create_user_id": "kchaitanya+admin@snaplogic.com", "migrate_version": "main-28272", "scrub_backup": [], "scrub_version": "bd5ad2571a0eafe60808d55c3e16c0f8e0ae08d67f5369bb3ad9c1921556eb14", "path": "/DpPerf/ScheduledTask/ScheduledTaskPerf/MasterRunner", "snode_id": "673e3797f26272fa8e554539", "project_snode_id": "673e37962c2404030efd30ff", "partition_snode_id": "673e3783703e2986126efca8", "name": "MasterRunner", "target_runtime": "standard", "org_id": "67379bab7ced55f20fb6f69c", "org_snode_id": "67379bab7ced55f20fb6f69c"}, {"_id": "673e3797718819cba105c9df", "job_name": "BaseTask", "job_id": "673e3797718819cba105c9df", "job_class": "PipelineJob", "note": "", "trigger_type": "ScheduleTrigger", "trigger": {"start_date": "2024-11-18", "start_time": "14:34:20", "time_zone": "UTC"}, "schedule": {"start_date": "2024-11-18", "start_time": "14:34:20", "time_zone": "UTC"}, "runs": 0, "parameters": {"pipeline_snode_id": "673e379796bc4a66b473827d", "enabled": false, "llfeed_token": "SNIlRzrAjqOGjaiQC4r1xPHyGRwC2jdi", "notification": {"slack_recipients": [{"user": [], "channel": []}]}, "pipeline_parameters": {}, "job_type": "standard", "runtime_path_id": "DpPerf/rt/sidekick/dpPerfRunner", "user_id": "kchaitanya+admin@snaplogic.com", "debug_until": 0}, "last_run_time": null, "path_id": "DpPerf/ScheduledTask/ScheduledTaskPerf", "snode_id": "673e37972c2404030efd3101", "trace_path": "DpPerf/ScheduledTask/ScheduledTaskPerf/BaseTask.trace", "tag_list": null}, {"_id": "673e4d11d46360263f645d9b", "job_name": "ScheduledTrigger", "job_id": "673e4d11d46360263f645d9b", "job_class": "PipelineJob", "note": "", "trigger_type": "ScheduleTrigger", "trigger": {}, "schedule": {}, "runs": 0, "parameters": {"pipeline_snode_id": "673e53aa7162a424734090f9", "enabled": true, "runtime_path_id": "DpPerf/rt/sidekick/dpPerfRunner", "llfeed_token": "dpqa", "include_external_urls": true, "pipeline_parameters": {"SrcPath": null, "DestPath": null, "NumOfTasks": null, "Release": null}, "notification": {"recipients": "kchaitanya@snaplogic.com"}, "job_type": "standard", "user_id": "kchaitanya+admin@snaplogic.com", "debug_until": 0}, "last_run_time": "2024-12-09T21:57:46.542000+00:00", "path_id": "DpPerf/ScheduledTask/ScheduledTaskPerf", "snode_id": "673e4d1139cde86121ed4d8b", "trace_path": "DpPerf/ScheduledTask/ScheduledTaskPerf/ScheduledTrigger.trace", "external_run_url": "https://canary.elastic.snaplogicdev.com/api/1/rest/slsched/feed/DpPerf/ScheduledTask/ScheduledTaskPerf/ScheduledTrigger", "local_run_secure_url": "https://canv2-dpperf-dpperfrunner-fm.snaplogicdev.io/api/1/rest/feed/DpPerf/ScheduledTask/ScheduledTaskPerf/ScheduledTrigger", "local_run_override_secure_url": "https://canv2-dpperf-dpperfrunner-fm.snaplogicdev.io/api/1/rest/feed/run/task/DpPerf/ScheduledTask/ScheduledTaskPerf/ScheduledTrigger", "local_run_url": "http://ip-172-27-183-251.us-west-2.compute.internal:8090/api/1/rest/feed/DpPerf/ScheduledTask/ScheduledTaskPerf/ScheduledTrigger", "local_run_override_url": "http://ip-172-27-183-251.us-west-2.compute.internal:8090/api/1/rest/feed/run/task/DpPerf/ScheduledTask/ScheduledTaskPerf/ScheduledTrigger", "all_local_run_urls": ["http://ip-172-27-183-251.us-west-2.compute.internal:8090/api/1/rest/feed/DpPerf/ScheduledTask/ScheduledTaskPerf/ScheduledTrigger", "http://ip-172-27-184-249.us-west-2.compute.internal:8090/api/1/rest/feed/DpPerf/ScheduledTask/ScheduledTaskPerf/ScheduledTrigger"], "all_local_run_secure_urls": ["https://ip-172-27-183-251.us-west-2.compute.internal:8084/api/1/rest/feed/DpPerf/ScheduledTask/ScheduledTaskPerf/ScheduledTrigger", "https://ip-172-27-184-249.us-west-2.compute.internal:8081/api/1/rest/feed/DpPerf/ScheduledTask/ScheduledTaskPerf/ScheduledTrigger"], "all_local_run_override_urls": ["http://ip-172-27-183-251.us-west-2.compute.internal:8090/api/1/rest/feed/run/task/DpPerf/ScheduledTask/ScheduledTaskPerf/ScheduledTrigger", "http://ip-172-27-184-249.us-west-2.compute.internal:8090/api/1/rest/feed/run/task/DpPerf/ScheduledTask/ScheduledTaskPerf/ScheduledTrigger"], "all_local_run_override_secure_urls": ["https://ip-172-27-183-251.us-west-2.compute.internal:8084/api/1/rest/feed/run/task/DpPerf/ScheduledTask/ScheduledTaskPerf/ScheduledTrigger", "https://ip-172-27-184-249.us-west-2.compute.internal:8081/api/1/rest/feed/run/task/DpPerf/ScheduledTask/ScheduledTaskPerf/ScheduledTrigger"], "tag_list": null}, {"_id": "673fb3ae74d622118d03927d", "job_name": "DeleteTasks", "job_id": "673fb3ae74d622118d03927d", "job_class": "PipelineJob", "note": "", "trigger_type": "ScheduleTrigger", "trigger": {}, "schedule": {}, "runs": 0, "parameters": {"pipeline_snode_id": "673fb305015e67004122f687", "enabled": true, "runtime_path_id": "DpPerf/rt/sidekick/dpPerfRunner", "llfeed_token": "dpqa", "include_external_urls": true, "pipeline_parameters": {}, "job_type": "standard", "user_id": "kchaitanya+admin@snaplogic.com", "debug_until": 0}, "last_run_time": null, "path_id": "DpPerf/ScheduledTask/ScheduledTaskPerf", "snode_id": "673fb3b4236fac19129f54fa", "trace_path": "DpPerf/ScheduledTask/ScheduledTaskPerf/DeleteTasks.trace", "external_run_url": "https://canary.elastic.snaplogicdev.com/api/1/rest/slsched/feed/DpPerf/ScheduledTask/ScheduledTaskPerf/DeleteTasks", "local_run_secure_url": "https://canv2-dpperf-dpperfrunner-fm.snaplogicdev.io/api/1/rest/feed/DpPerf/ScheduledTask/ScheduledTaskPerf/DeleteTasks", "local_run_override_secure_url": "https://canv2-dpperf-dpperfrunner-fm.snaplogicdev.io/api/1/rest/feed/run/task/DpPerf/ScheduledTask/ScheduledTaskPerf/DeleteTasks", "local_run_url": "http://ip-172-27-183-251.us-west-2.compute.internal:8090/api/1/rest/feed/DpPerf/ScheduledTask/ScheduledTaskPerf/DeleteTasks", "local_run_override_url": "http://ip-172-27-183-251.us-west-2.compute.internal:8090/api/1/rest/feed/run/task/DpPerf/ScheduledTask/ScheduledTaskPerf/DeleteTasks", "all_local_run_urls": ["http://ip-172-27-183-251.us-west-2.compute.internal:8090/api/1/rest/feed/DpPerf/ScheduledTask/ScheduledTaskPerf/DeleteTasks", "http://ip-172-27-184-249.us-west-2.compute.internal:8090/api/1/rest/feed/DpPerf/ScheduledTask/ScheduledTaskPerf/DeleteTasks"], "all_local_run_secure_urls": ["https://ip-172-27-183-251.us-west-2.compute.internal:8084/api/1/rest/feed/DpPerf/ScheduledTask/ScheduledTaskPerf/DeleteTasks", "https://ip-172-27-184-249.us-west-2.compute.internal:8081/api/1/rest/feed/DpPerf/ScheduledTask/ScheduledTaskPerf/DeleteTasks"], "all_local_run_override_urls": ["http://ip-172-27-183-251.us-west-2.compute.internal:8090/api/1/rest/feed/run/task/DpPerf/ScheduledTask/ScheduledTaskPerf/DeleteTasks", "http://ip-172-27-184-249.us-west-2.compute.internal:8090/api/1/rest/feed/run/task/DpPerf/ScheduledTask/ScheduledTaskPerf/DeleteTasks"], "all_local_run_override_secure_urls": ["https://ip-172-27-183-251.us-west-2.compute.internal:8084/api/1/rest/feed/run/task/DpPerf/ScheduledTask/ScheduledTaskPerf/DeleteTasks", "https://ip-172-27-184-249.us-west-2.compute.internal:8081/api/1/rest/feed/run/task/DpPerf/ScheduledTask/ScheduledTaskPerf/DeleteTasks"], "tag_list": null}], "shared": [], "partition_shared": []}