{"class_id": "com-snaplogic-export-project", "class_version": 1, "project_name": "ScheduledTasks", "path": "DpPerf/ScheduledTask/ScheduledTasks", "entries": [{"class_fqid": "com-snaplogic-pipeline_9", "instance_version": 3, "link_serial": 101, "path_id": "/DpPerf/ScheduledTask/ScheduledTasks", "property_map": {"info": {"label": {"value": "SimplePipeline"}, "author": {"value": "kchaitanya+admin@snaplogic.com"}, "pipeline_doc_uri": {"value": null}, "notes": {"value": null}, "purpose": {"value": null}}, "error": {"error_behavior": {"value": "none"}}, "settings": {"suspendable": {"value": false}, "test_pipeline": {"value": false}, "error_pipeline": {"value": null, "expression": false}, "error_param_table": {"value": []}, "param_table": {"value": []}, "imports": {"value": []}, "cache_pipelines": {"value": []}}, "instance_version": 2, "input": {}, "output": {"e3522132-073e-4ffb-8410-eaea197322d7_output0": {"view_type": {"value": "document"}, "label": {"value": "Throttle Bot - output0"}}}}, "render_map": {"scale_ratio": 1, "pan_x_num": 0, "pan_y_num": 0, "default_snaplex": "5d83fab09718a20441d431d0", "detail_map": {"c47359a6-8f72-4768-b1b3-4892635eebde": {"grid_x_int": 3, "grid_y_int": 1, "rot_int": 0, "recommendation_id": null, "source": "snap catagory", "index": null, "rot_tail_int": 0, "input": {}, "output": {}, "error": {}}, "e3522132-073e-4ffb-8410-eaea197322d7": {"grid_x_int": 4, "grid_y_int": 1, "rot_int": 0, "recommendation_id": null, "source": "snap catagory", "index": null, "rot_tail_int": 0}}}, "snap_map": {"c47359a6-8f72-4768-b1b3-4892635eebde": {"class_fqid": "com-snaplogic-snaps-transform-jsongenerator_2-439rc28922", "class_id": "com-snaplogic-snaps-transform-jsongenerator", "class_version": 2, "instance_fqid": "c47359a6-8f72-4768-b1b3-4892635eebde_1", "instance_version": 1, "property_map": {"info": {"label": {"value": "JSON Generator"}, "notes": {}}, "output": {"output0": {"view_type": {"value": "document"}, "label": {"value": "output0"}}}, "error": {"error0": {"view_type": {"value": "document"}, "label": {"value": "error0"}}, "error_behavior": {"value": "fail"}}, "settings": {"execution_mode": {"value": "Validate & Execute"}, "editable_content": {"value": "## Enter your JSON-encoded data in this space.  Note that this text is\n## treated as an Apache Velocity template, so you can substitute values\n## from input documents or the pipeline parameters.  See the following\n## URL for more information about Velocity:\n##   https://velocity.apache.org/engine/devel/user-guide.html\n\n[\n    {\n        \"msg\" : \"Hello, World\", \"num\" : 1\n    }\n]\n\n\n## Tips:\n##  * The sample data above will generate a single empty document, uncomment\n##    the line in the middle to include the sample fields.  Adding more\n##    objects to the root array will cause the snap to generate more\n##    than one document.\n##  * Pipeline parameters can be referenced by prefixing the parameter\n##    name with an underscore, like so:\n##      ${_pipelineParamName}\n##  * If you add an input view to the snap, this template will be\n##    evaluated for each input document.\n##  * Fields in the input documents can be referenced by prefixing them\n##    with a dollar-sign ($), like so:\n##      $parent.child[0].value\n##  * Any referenced document values and pipeline parameters will\n##    automatically be JSON-encoded when they are inserted into the final\n##    JSON document.  You should not have to worry about escaping values\n##    yourself.\n##  * If you are having troubles getting a template to produce valid JSON,\n##    you can add an error view to the snap to get a document that\n##    contains the output of the template evaluation.\n"}, "arrayElementsAsDocuments": {"value": true}, "passThroughProp": {"value": false}, "supportTypeExts": {"value": false}}, "view_serial": 100, "input": {}}, "class_build_tag": "439rc28922", "instance_id": "c47359a6-8f72-4768-b1b3-4892635eebde"}, "e3522132-073e-4ffb-8410-eaea197322d7": {"class_fqid": "com-snaplogic-snaps-test-throttlebot_1-main27765", "class_id": "com-snaplogic-snaps-test-throttlebot", "class_version": 1, "instance_fqid": "e3522132-073e-4ffb-8410-eaea197322d7_2", "instance_version": 2, "property_map": {"info": {"label": {"value": "Throttle Bot"}, "notes": {}}, "input": {"input0": {"view_type": {"value": "document"}, "label": {"value": "input0"}}}, "output": {"output0": {"view_type": {"value": "document"}, "label": {"value": "output0"}}}, "error": {"error0": {"view_type": {"value": "document"}, "label": {"value": "error0"}}, "error_behavior": {"value": "fail"}}, "settings": {"execution_mode": {"value": "Execute only"}, "executable_during_suggest": {"value": false}, "throttle_type": {"value": "Fixed"}, "speed": {"value": 60000}}, "view_serial": 100}, "class_build_tag": "main27765", "instance_id": "e3522132-073e-4ffb-8410-eaea197322d7"}}, "link_map": {"link100": {"dst_id": "e3522132-073e-4ffb-8410-eaea197322d7", "dst_view_id": "input0", "src_id": "c47359a6-8f72-4768-b1b3-4892635eebde", "src_view_id": "output0"}}, "class_id": "com-snaplogic-pipeline", "class_version": 9, "instance_id": "b702ccfd-856d-42cd-8a4e-b09aa653751e", "instance_fqid": "b702ccfd-856d-42cd-8a4e-b09aa653751e_3", "create_time": {"$date": "2024-11-20T22:12:14.153Z"}, "update_time": {"$date": "2024-12-05T19:19:52.560Z"}, "update_user_id": "kchaitanya+admin@snaplogic.com", "create_user_id": "kchaitanya+admin@snaplogic.com", "migrate_version": "main-28272", "scrub_backup": [], "scrub_version": "bd5ad2571a0eafe60808d55c3e16c0f8e0ae08d67f5369bb3ad9c1921556eb14", "path": "/DpPerf/ScheduledTask/ScheduledTasks/SimplePipeline", "snode_id": "673e5ebe4f8c62938064bd87", "project_snode_id": "673e5d5c8ac16c6e168d860b", "partition_snode_id": "673e3783703e2986126efca8", "name": "SimplePipeline", "target_runtime": "standard", "org_id": "67379bab7ced55f20fb6f69c", "org_snode_id": "67379bab7ced55f20fb6f69c"}], "shared": [], "partition_shared": [], "metadata": {"pattern": false}}