{"class_id": "com-snaplogic-export-project", "class_version": 1, "project_name": "UltraPipeline", "path": "DpPerf/UltraTask/UltraPipeline", "entries": [{"class_fqid": "com-snaplogic-pipeline_9", "instance_version": 3, "link_serial": 100, "path_id": "/DpPerf/UltraTask/UltraPipeline", "property_map": {"info": {"label": {"value": "DP_UltraPerf_TestPipeline"}, "author": {"value": "nasbabu@snaplogic.com"}, "pipeline_doc_uri": {"value": null}, "notes": {"value": null}, "purpose": {"value": null}}, "error": {"error_behavior": {"value": "none"}}, "settings": {"suspendable": {"value": false}, "test_pipeline": {"value": false}, "error_pipeline": {"value": null, "expression": false}, "error_param_table": {"value": []}, "param_table": {"value": []}, "imports": {"value": []}, "cache_pipelines": {"value": []}}, "instance_version": 2, "input": {"6e6ed906-3347-46ae-b900-47638eb4119b_input0": {"view_type": {"value": "document"}, "label": {"value": "Mapper - input0"}}}, "output": {"6e6ed906-3347-46ae-b900-47638eb4119b_output0": {"view_type": {"value": "document"}, "label": {"value": "Mapper - output0"}}}}, "render_map": {"scale_ratio": 1, "pan_x_num": 0, "pan_y_num": 0, "default_snaplex": "67379d626dad673ebe036754", "detail_map": {"6e6ed906-3347-46ae-b900-47638eb4119b": {"grid_x_int": 6, "grid_y_int": 3, "rot_int": 0, "recommendation_id": null, "source": "snap catagory", "index": null, "rot_tail_int": 0}}}, "snap_map": {"6e6ed906-3347-46ae-b900-47638eb4119b": {"class_fqid": "com-snaplogic-snaps-transform-datatransform_4-439rc28922", "class_id": "com-snaplogic-snaps-transform-datatransform", "class_version": 4, "instance_fqid": "6e6ed906-3347-46ae-b900-47638eb4119b_1", "instance_version": 1, "property_map": {"info": {"label": {"value": "Mapper"}, "notes": {}}, "input": {"input0": {"view_type": {"value": "document"}, "label": {"value": "input0"}}}, "output": {"output0": {"view_type": {"value": "document"}, "label": {"value": "output0"}}}, "error": {"error0": {"view_type": {"value": "document"}, "label": {"value": "error0"}}, "error_behavior": {"value": "fail"}}, "settings": {"execution_mode": {"value": "Validate & Execute"}, "passThrough": {"value": false}, "transformations": {"value": {"mappingRoot": {"value": "$"}, "mappingTable": {"value": [{"expression": {"expression": true, "value": "$"}, "targetPath": {"value": "output"}}]}}}, "nullSafeAccess": {"value": false}}, "view_serial": 100}, "class_build_tag": "439rc28922", "instance_id": "6e6ed906-3347-46ae-b900-47638eb4119b"}}, "link_map": {}, "class_id": "com-snaplogic-pipeline", "class_version": 9, "instance_id": "57410fe8-b00b-4fb9-b72f-31845c6c85b5", "instance_fqid": "57410fe8-b00b-4fb9-b72f-31845c6c85b5_3", "create_time": {"$date": "2024-11-15T21:27:44.499Z"}, "update_time": {"$date": "2024-11-15T21:28:17.888Z"}, "update_user_id": "nasbabu@snaplogic.com", "create_user_id": "nasbabu@snaplogic.com", "migrate_version": "main-28272", "scrub_backup": [], "scrub_version": "bd5ad2571a0eafe60808d55c3e16c0f8e0ae08d67f5369bb3ad9c1921556eb14", "ai_map": {"footprint": "H4sIAAAAAAAAA8srzckBAE/8yyUEAAAA"}, "path": "/DpPerf/UltraTask/UltraPipeline/DP_UltraPerf_TestPipeline", "snode_id": "6737bcd0e4dfa8baf448a74a", "project_snode_id": "6737bcb669c612f4ee92caa4", "partition_snode_id": "6737bb364dfce5e309b09ff1", "name": "DP_UltraPerf_TestPipeline", "target_runtime": "standard", "org_id": "67379bab7ced55f20fb6f69c", "org_snode_id": "67379bab7ced55f20fb6f69c"}, {"_id": "673fb5e98a34caf3859e7f79", "job_name": "enable_ultra_1_groundmedium", "job_id": "673fb5e98a34caf3859e7f79", "job_class": "PipelineJob", "note": "", "trigger_type": "ScheduleTrigger", "trigger": {"always_on": true}, "schedule": {"always_on": true}, "runs": 0, "parameters": {"pipeline_snode_id": "6737bcd0e4dfa8baf448a74a", "enabled": false, "runtime_path_id": "DpPerf/rt/sidekick/dpPerfGroundSnaplexMedium", "llfeed_token": "dpqa", "watchdog": {"instances": 1, "per": "PLEX"}, "include_external_urls": true, "max_failures": 10, "max_in_flight": 200, "pipeline_parameters": {}, "job_type": "standard", "user_id": "nasbabu@snaplogic.com", "debug_until": 5}, "last_run_time": "2024-11-22T00:38:09.729000+00:00", "path_id": "DpPerf/UltraTask/UltraPipeline", "snode_id": "673fb5e98e5942ff8372741a", "trace_path": "DpPerf/UltraTask/UltraPipeline/enable_ultra_1_groundmedium.trace", "llfeed_run_urls": ["https://canv2-dpperf-groundsnaplexmedium-fm.snaplogicdev.io/api/1/rest/feed-master/queue/DpPerf/UltraTask/UltraPipeline/enable_ultra_1_groundmedium"], "all_llfeed_run_urls": ["https://ip-172-27-184-110.us-west-2.compute.internal:8084/api/1/rest/feed-master/queue/DpPerf/UltraTask/UltraPipeline/enable_ultra_1_groundmedium"], "tag_list": null}, {"_id": "673fb6008a34caf3859e7f7c", "job_name": "enable_ultra_10_groundmedium", "job_id": "673fb6008a34caf3859e7f7c", "job_class": "PipelineJob", "note": "", "trigger_type": "ScheduleTrigger", "trigger": {"always_on": true}, "schedule": {"always_on": true}, "runs": 0, "parameters": {"pipeline_snode_id": "6737bcd0e4dfa8baf448a74a", "enabled": false, "runtime_path_id": "DpPerf/rt/sidekick/dpPerfGroundSnaplexMedium", "llfeed_token": "dpqa", "watchdog": {"instances": 10, "per": "PLEX"}, "include_external_urls": true, "max_failures": 10, "max_in_flight": 200, "pipeline_parameters": {}, "job_type": "standard", "user_id": "nasbabu@snaplogic.com", "debug_until": 10}, "last_run_time": "2024-11-21T22:37:01.228000+00:00", "path_id": "DpPerf/UltraTask/UltraPipeline", "snode_id": "673fb6008e5942ff83727420", "trace_path": "DpPerf/UltraTask/UltraPipeline/enable_ultra_10_groundmedium.trace", "llfeed_run_urls": ["https://canv2-dpperf-groundsnaplexmedium-fm.snaplogicdev.io/api/1/rest/feed-master/queue/DpPerf/UltraTask/UltraPipeline/enable_ultra_10_groundmedium"], "all_llfeed_run_urls": ["https://ip-172-27-184-110.us-west-2.compute.internal:8084/api/1/rest/feed-master/queue/DpPerf/UltraTask/UltraPipeline/enable_ultra_10_groundmedium"], "tag_list": null}, {"_id": "673fb61c8a34caf3859e7f88", "job_name": "enable_ultra_1_cloudmedium", "job_id": "673fb61c8a34caf3859e7f88", "job_class": "PipelineJob", "note": "", "trigger_type": "ScheduleTrigger", "trigger": {"always_on": true}, "schedule": {"always_on": true}, "runs": 0, "parameters": {"pipeline_snode_id": "6737bcd0e4dfa8baf448a74a", "enabled": false, "runtime_path_id": "DpPerf/rt/cloud/dpPerfCloudSnaplexMedium", "llfeed_token": "dpqa", "watchdog": {"instances": 1, "per": "PLEX"}, "include_external_urls": true, "max_failures": 10, "max_in_flight": 200, "pipeline_parameters": {}, "job_type": "standard", "user_id": "nasbabu@snaplogic.com", "debug_until": 2}, "last_run_time": "2024-11-21T23:02:46.226000+00:00", "path_id": "DpPerf/UltraTask/UltraPipeline", "snode_id": "673fb61c99bf512775302cbb", "trace_path": "DpPerf/UltraTask/UltraPipeline/enable_ultra_1_cloudmedium.trace", "llfeed_run_urls": ["https://canv2-dpperf-cloudsnaplexmedium-fm.snaplogicdev.io/api/1/rest/feed-master/queue/DpPerf/UltraTask/UltraPipeline/enable_ultra_1_cloudmedium"], "all_llfeed_run_urls": ["https://na03sl-fm-ux0cb20f3db9b2150ed.nia.snaplogic.com:8084/api/1/rest/feed-master/queue/DpPerf/UltraTask/UltraPipeline/enable_ultra_1_cloudmedium"], "tag_list": null}, {"_id": "673fb6358a34caf3859e7f8d", "job_name": "enable_ultra_10_cloudmedium", "job_id": "673fb6358a34caf3859e7f8d", "job_class": "PipelineJob", "note": "", "trigger_type": "ScheduleTrigger", "trigger": {"always_on": true}, "schedule": {"always_on": true}, "runs": 0, "parameters": {"pipeline_snode_id": "6737bcd0e4dfa8baf448a74a", "enabled": false, "runtime_path_id": "DpPerf/rt/cloud/dpPerfCloudSnaplexMedium", "llfeed_token": "dpqa", "watchdog": {"instances": 10, "per": "PLEX"}, "include_external_urls": true, "max_failures": 10, "max_in_flight": 200, "pipeline_parameters": {}, "job_type": "standard", "user_id": "nasbabu@snaplogic.com", "debug_until": 10}, "last_run_time": "2024-11-21T22:37:52.150000+00:00", "path_id": "DpPerf/UltraTask/UltraPipeline", "snode_id": "673fb635eb79330eac64944d", "trace_path": "DpPerf/UltraTask/UltraPipeline/enable_ultra_10_cloudmedium.trace", "llfeed_run_urls": ["https://canv2-dpperf-cloudsnaplexmedium-fm.snaplogicdev.io/api/1/rest/feed-master/queue/DpPerf/UltraTask/UltraPipeline/enable_ultra_10_cloudmedium"], "all_llfeed_run_urls": ["https://na03sl-fm-ux0cb20f3db9b2150ed.nia.snaplogic.com:8084/api/1/rest/feed-master/queue/DpPerf/UltraTask/UltraPipeline/enable_ultra_10_cloudmedium"], "tag_list": null}], "shared": [], "partition_shared": [], "metadata": {"pattern": false}}